#YY,MM,DD,hh,mm,WDIR,WSPD,GST,WVHT,DPD,APD,MWD,PRES,ATMP,WTMP,DEWP,VIS,TIDE
2020,8,20,0,0,203,4.1,5,99,99,99,999,1011.5,999,30.6,999,99,467.6308824
2020,8,20,0,10,206,3.2,4.5,99,99,99,999,1011.6,999,30.7,999,99,467.3169118
2020,8,20,0,20,195,3.1,4.1,99,99,99,999,1011.6,999,30.4,999,99,467.0301471
2020,8,20,0,30,191,3.2,4,99,99,99,999,1011.7,999,30.4,999,99,466.7779412
2020,8,20,0,40,200,2.8,4,0.19,99,4.13,999,1011.9,999,30.4,999,99,450.8627941
2020,8,20,0,50,209,2.5,3.3,99,99,99,999,1012.1,999,30.4,999,99,466.0801471
2020,8,20,1,0,214,3,3.8,99,99,99,999,1012.2,999,30.4,999,99,467.5029412
2020,8,20,1,10,203,2.8,3.3,99,99,99,999,1012.2,999,30.3,999,99,467.2492647
2020,8,20,1,20,213,2.8,3.7,99,99,99,999,1012.2,999,30.3,999,99,466.8963235
2020,8,20,1,30,207,2.3,3.3,99,99,99,999,1012.3,999,30.3,999,99,466.6389706
2020,8,20,1,40,204,2.6,3.4,0.2,99,4.07,999,1012.2,999,30.3,999,99,450.7763235
2020,8,20,1,50,198,2.4,3.8,99,99,99,999,1012.2,999,30.2,999,99,466.1029412
2020,8,20,2,0,205,2.6,3.2,99,99,99,999,1012.3,999,30.3,999,99,467.4852941
2020,8,20,2,10,217,3.1,4,99,99,99,999,1012.4,999,30.4,999,99,467.1735294
2020,8,20,2,20,215,3.7,5.2,99,99,99,999,1012.4,999,30.4,999,99,466.9470588
2020,8,20,2,30,215,4,4.5,99,99,99,999,1012.5,999,30.4,999,99,466.6463235
2020,8,20,2,40,195,3.5,4.2,0.22,99,4.29,999,1012.4,999,30.3,999,99,450.8869118
2020,8,20,2,50,184,2.2,3.1,99,99,99,999,1012.5,999,30.3,999,99,466.1889706
2020,8,20,3,0,178,2.5,3.2,99,99,99,999,1012.7,999,30.3,999,99,467.6897059
2020,8,20,3,10,176,2.5,3.7,99,99,99,999,1012.6,999,30.3,999,99,467.4139706
2020,8,20,3,20,183,2.6,3.7,99,99,99,999,1012.7,999,30.4,999,99,467.1036765
2020,8,20,3,30,205,2.4,3,99,99,99,999,1012.8,999,30.5,999,99,466.6529412
2020,8,20,3,40,225,2.6,3.7,0.22,99,4.25,999,1012.8,999,30.5,999,99,450.6761765
2020,8,20,3,50,236,3.2,4.2,99,99,99,999,1012.9,999,30.6,999,99,465.9264706
2020,8,20,4,0,227,3.1,4.1,99,99,99,999,1012.9,999,30.6,999,99,467.4066176
2020,8,20,4,10,221,2.3,3.2,99,99,99,999,1013,999,30.5,999,99,467.1073529
2020,8,20,4,20,224,1.8,2.5,99,99,99,999,1013.2,999,30.5,999,99,466.7875
2020,8,20,4,30,213,1.8,2.3,99,99,99,999,1013.2,999,30.6,999,99,466.5860294
2020,8,20,4,40,217,2,2.8,0.19,99,4.02,999,1013.2,999,30.6,999,99,450.6941176
2020,8,20,4,50,204,1.6,2.1,99,99,99,999,1013.3,999,30.5,999,99,466.0492647
2020,8,20,5,0,222,1.5,2.4,99,99,99,999,1013.4,999,30.6,999,99,467.3794118
2020,8,20,5,10,207,1.4,2.2,99,99,99,999,1013.2,999,30.6,999,99,467.1573529
2020,8,20,5,20,206,2.1,2.8,99,99,99,999,1013.1,999,30.5,999,99,466.8691176
2020,8,20,5,30,203,2.1,2.7,99,99,99,999,1013,999,30.5,999,99,466.5786765
2020,8,20,5,40,198,2.2,3.2,0.18,99,3.84,999,1012.9,999,30.5,999,99,450.7176471
2020,8,20,5,50,217,2.2,2.8,99,99,99,999,1012.8,999,30.5,999,99,465.8632353
2020,8,20,6,0,218,2.2,3,99,99,99,999,1012.7,999,30.5,999,99,467.2676471
2020,8,20,6,10,208,2.4,3.3,99,99,99,999,1012.5,999,30.5,999,99,467.0316176
2020,8,20,6,20,207,2.3,3,99,99,99,999,1012.4,999,30.5,999,99,466.7176471
2020,8,20,6,30,209,2.4,3.3,99,99,99,999,1012.5,999,30.5,999,99,466.4360294
2020,8,20,6,40,204,2.6,3.5,0.17,99,3.99,999,1012.5,999,30.5,999,99,450.595
2020,8,20,6,50,195,2.8,3.7,99,99,99,999,1012.5,999,30.5,999,99,465.9713235
2020,8,20,7,0,185,3.3,4.3,99,99,99,999,1012.4,999,30.5,999,99,467.4786765
2020,8,20,7,10,181,3.6,4.3,99,99,99,999,1012.4,999,30.5,999,99,467.2183824
2020,8,20,7,20,181,3.8,4.6,99,99,99,999,1012.4,999,30.5,999,99,466.9382353
2020,8,20,7,30,176,3.7,4.8,99,99,99,999,1012.5,999,30.6,999,99,466.7205882
2020,8,20,7,40,164,3.6,4.8,0.17,99,3.96,999,1012.4,999,30.5,999,99,450.8823529
2020,8,20,7,50,159,3.6,4.8,99,99,99,999,1012.1,999,30.4,999,99,466.1588235
2020,8,20,8,0,157,3.6,4.5,99,99,99,999,1012.1,999,30.4,999,99,467.5816176
2020,8,20,8,10,163,3.9,4.8,99,99,99,999,1012.2,999,30.4,999,99,467.2735294
2020,8,20,8,20,165,3.8,4.8,99,99,99,999,1012.3,999,30.3,999,99,466.9588235
2020,8,20,8,30,165,3.7,5.3,99,99,99,999,1012.3,999,30.3,999,99,466.6816176
2020,8,20,8,40,166,4.1,5,0.17,99,3.94,999,1012.5,999,30.3,999,99,450.8052941
2020,8,20,8,50,168,3.9,4.9,99,99,99,999,1012.3,999,30.3,999,99,466.0595588
2020,8,20,9,0,217,8.0 1,0.9,99,99,99,999,1012.3,999,30.3,999,99,-526
2020,8,20,9,10,190,6.3,9,99,99,99,999,1012.8,999,30.3,999,99,467.2823529
2020,8,20,9,20,159 1,1.9 1,7.9,99,99,99,999,1012.7,999,30.3,999,99,-784.3
2020,8,20,9,30,137 1,0.5 1,5.5,99,99,99,999,1012.9,999,30.3,999,99,-776.3
2020,8,20,9,40,155,8.1 1,0.1,0.19,99,2.92,999,1013.1,999,30.3,999,99,-548.6666667
2020,8,20,9,50,162,8.9 1,3.2,99,99,99,999,1012.7,999,30.3,999,99,-539.3333333
2020,8,20,10,0,127,5.8 1,4.4,99,99,99,999,1012.3,999,30.3,999,99,-585.7333333
2020,8,20,10,10,94,2.9,4.8,99,99,99,999,1012.4,999,30.2,999,99,467.6544118
2020,8,20,10,20,114,2.5,4.9,99,99,99,999,1012.4,999,30.2,999,99,467.2110294
2020,8,20,10,30,99,2.4,3.4,99,99,99,999,1012.4,999,30.2,999,99,466.9705882
2020,8,20,10,40,108,2.4,3.5,0.23,99,2.97,999,1012.4,999,30.3,999,99,450.9376471
2020,8,20,10,50,107,1.9,2.9,99,99,99,999,1012.6,999,30.3,999,99,466.3463235
2020,8,20,11,0,125,2.3,3.2,99,99,99,999,1012.4,999,30.3,999,99,467.6205882
2020,8,20,11,10,127,2.8,4.2,99,99,99,999,1012.7,999,30.3,999,99,467.4
2020,8,20,11,20,127,2.4,3.3,99,99,99,999,1012.7,999,30.2,999,99,467.0477941
2020,8,20,11,30,124,2,2.5,99,99,99,999,1012.6,999,30.3,999,99,466.7448529
2020,8,20,11,40,126,2.3,3.2,0.27,4.17,3.32,158,1012.6,999,30.3,999,99,338.0140441
2020,8,20,11,50,136,3.1,4,99,99,99,999,1012.7,999,30.3,999,99,466.1544118
2020,8,20,12,0,152,3.6,5,99,99,99,999,1012.7,999,30.3,999,99,467.5
2020,8,20,12,10,158,2.9,3.7,99,99,99,999,1012.7,999,30.3,999,99,467.1036765
2020,8,20,12,20,140,3.3,4.6,99,99,99,999,1012.5,999,30.3,999,99,466.9514706
2020,8,20,12,30,140,3.2,4,99,99,99,999,1012.5,999,30.3,999,99,466.6338235
2020,8,20,12,40,135,3.3,4.2,0.22,99,3.13,999,1012.4,999,30.3,999,99,450.6910294
2020,8,20,12,50,129,3.2,4.1,99,99,99,999,1012.4,999,30.3,999,99,466.1154412
2020,8,20,13,0,142,3.9,5.2,99,99,99,999,1012.3,999,30.3,999,99,467.475
2020,8,20,13,10,162,5.5,6.8,99,99,99,999,1012.1,999,30.3,999,99,467.0867647
2020,8,20,13,20,169,5.6,6.6,99,99,99,999,1012.1,999,30.2,999,99,466.7161765
2020,8,20,13,30,164,5.4,6.8,99,99,99,999,1012.3,999,30.2,999,99,466.4926471
2020,8,20,13,40,168,5.5,6.4,0.2,99,3.22,999,1012.4,999,30.3,999,99,450.5182353
2020,8,20,13,50,164,5.4,6.8,99,99,99,999,1012.7,999,30.3,999,99,465.9823529
2020,8,20,14,0,172,5.5,6.6,99,99,99,999,1012.9,999,30.3,999,99,467.3661765
2020,8,20,14,10,172,5.4,6.4,99,99,99,999,1013,999,30.3,999,99,467.0779412
2020,8,20,14,20,181,5.6,6.6,99,99,99,999,1013.1,999,30.3,999,99,466.7426471
2020,8,20,14,30,180,5.8,7,99,99,99,999,1013.1,999,30.3,999,99,466.4735294
2020,8,20,14,40,180,5.5,6.9,0.23,99,3.01,999,1013.2,999,30.3,999,99,450.4947059
2020,8,20,14,50,183,5.2,6.3,99,99,99,999,1013.4,999,30.3,999,99,465.8727941
2020,8,20,15,0,186,5.3,6.4,99,99,99,999,1013.4,999,30.3,999,99,467.275
2020,8,20,15,10,180,5.5,6.6,99,99,99,999,1013.5,999,30.3,999,99,467.05
2020,8,20,15,20,176,5.3,6.4,99,99,99,999,1013.5,999,30.3,999,99,466.775
2020,8,20,15,30,174,5.3,6.2,99,99,99,999,1013.3,999,30.4,999,99,466.4779412
2020,8,20,15,40,183,5.2,6.2,0.24,99,2.94,999,1013.3,999,30.4,999,99,450.4182353
2020,8,20,15,50,184,5.5,6.6,99,99,99,999,1013.3,999,30.4,999,99,465.8338235
2020,8,20,16,0,175,5.6,6.8,99,99,99,999,1013.3,999,30.4,999,99,467.3279412
2020,8,20,16,10,175,5.2,6.1,99,99,99,999,1013.2,999,30.4,999,99,466.9875
2020,8,20,16,20,181,5.4,6.6,99,99,99,999,1013.3,999,30.4,999,99,466.6852941
2020,8,20,16,30,181,5.9,7.5,99,99,99,999,1013.3,999,30.4,999,99,466.4316176
2020,8,20,16,40,178,6.5,7.5,0.27,4,2.94,121,1013.1,999,30.4,999,99,333.0089706
2020,8,20,16,50,178,6.1,7.5,99,99,99,999,1013,999,30.5,999,99,465.8433824
2020,8,20,17,0,188,5.8,6.8,99,99,99,999,1012.9,999,30.5,999,99,467.1441176
2020,8,20,17,10,185,5.9,7.1,99,99,99,999,1012.7,999,30.6,999,99,466.8742647
2020,8,20,17,20,185,6.6,8,99,99,99,999,1012.5,999,30.5,999,99,466.575
2020,8,20,17,30,187,7,8.4,99,99,99,999,1012.5,999,30.6,999,99,466.3058824
2020,8,20,17,40,196,6.8,8,0.28,2.15,2.75,359,1012.5,999,30.6,999,99,362.3793382
2020,8,20,17,50,195,6.7,8.1,99,99,99,999,1012.4,999,30.6,999,99,465.6286765
2020,8,20,18,0,194,7.5,8.6,99,99,99,999,1012.2,999,30.6,999,99,467.0558824
2020,8,20,18,10,197,7,8.5,99,99,99,999,1012.2,999,30.6,999,99,466.7286765
2020,8,20,18,20,204,6.6,8.1,99,99,99,999,1012.1,999,30.6,999,99,466.3477941
2020,8,20,18,30,209,6.8,8.3,99,99,99,999,1012,999,30.6,999,99,466.0125
2020,8,20,18,40,208,6.6,8,0.32,3.85,2.93,137,1011.9,999,30.6,999,99,334.5568382
2020,8,20,18,50,204,6.9,8.2,99,99,99,999,1011.9,999,30.5,999,99,465.425
2020,8,20,19,0,204,7,8.1,99,99,99,999,1011.8,999,30.5,999,99,466.8272059
2020,8,20,19,10,206,7.1,8.2,99,99,99,999,1012,999,30.5,999,99,466.5529412
2020,8,20,19,20,202,7.2,8.5,99,99,99,999,1012.1,999,30.4,999,99,466.2963235
2020,8,20,19,30,200,6.9,8.1,99,99,99,999,1012.1,999,30.3,999,99,465.9786765
2020,8,20,19,40,161,7,9,0.43,4.17,3.03,126,1011.9,999,30.4,999,99,333.5230147
2020,8,20,19,50,171,6.4,9,99,99,99,999,1011.6,999,30.4,999,99,465.575
2020,8,20,20,0,176,6.6,8.1,99,99,99,999,1011.6,999,30.3,999,99,466.9080882
2020,8,20,20,10,174,6.6,7.9,99,99,99,999,1011.4,999,30.3,999,99,466.5919118
2020,8,20,20,20,192,6.3,8.1,99,99,99,999,1011.3,999,30.3,999,99,466.1536765
2020,8,20,20,30,204,6.7,8.5,99,99,99,999,1011.3,999,999,999,99,650.9845588
2020,8,20,20,40,215,6.6,7.5,0.46,3.33,3,147,1011.4,999,30.3,999,99,335.4765441
2020,8,20,20,50,222,6.7,8.3,99,99,99,999,1011.4,999,30.3,999,99,465.0786765
2020,8,20,21,0,229,7.1,8.6,99,99,99,999,1011.4,999,30.3,999,99,466.4632353
2020,8,20,21,10,236,6.3,7.7,99,99,99,999,1011.5,999,30.3,999,99,466.0875
2020,8,20,21,20,234,6.9,7.8,99,99,99,999,1011.6,999,30.3,999,99,465.8352941
2020,8,20,21,30,239,6.4,7.6,99,99,99,999,1011.6,999,30.3,999,99,465.4897059
2020,8,20,21,40,242,6.2,7.5,0.41,2.86,2.91,189,1011.4,999,30.3,999,99,340.4204412
2020,8,20,21,50,239,5.6,7,99,99,99,999,1011.2,999,30.3,999,99,464.8088235
2020,8,20,22,0,236,5.4,6.3,99,99,99,999,1011.3,999,30.3,999,99,466.2360294
2020,8,20,22,10,235,4.9,5.9,99,99,99,999,1011.3,999,30.4,999,99,465.9463235
2020,8,20,22,20,241,4.4,5.3,99,99,99,999,1011.4,999,30.4,999,99,465.5933824
2020,8,20,22,30,244,4.6,5.5,99,99,99,999,1011.3,999,30.4,999,99,465.2727941
2020,8,20,22,40,244,4.1,4.8,0.38,4.17,2.97,169,1011.3,999,30.2,999,99,337.8006618
2020,8,20,22,50,241,4.2,5.2,99,99,99,999,1011.4,999,30.1,999,99,464.6470588
2020,8,20,23,0,235,3.7,4.6,99,99,99,999,1011.6,999,30,999,99,466.0911765
2020,8,20,23,10,229,3.5,4.3,99,99,99,999,1011.6,999,30,999,99,465.8272059
2020,8,20,23,20,231,3.8,4.6,99,99,99,999,1011.5,999,30,999,99,465.5191176
2020,8,20,23,30,231,4.3,5.4,99,99,99,999,1011.2,999,30,999,99,465.2176471
2020,8,20,23,40,222,4.8,5.8,0.39,4.55,3.08,134,1010.8,999,30,999,99,333.5138971
2020,8,20,23,50,223,5.1,6.1,99,99,99,999,1010.9,999,30.1,999,99,464.7007353
2020,8,21,0,0,223,5.5,6.4,99,99,99,999,1010.8,999,30.1,999,99,467.2838235
2020,8,21,0,10,223,6.2,7.5,99,99,99,999,1010.8,999,30.1,999,99,467.0404412
2020,8,21,0,20,228,6.1,7.1,99,99,99,999,1011,999,30.1,999,99,466.7227941
2020,8,21,0,30,235,6.2,7.1,99,99,99,999,1011.1,999,30.1,999,99,466.3933824
2020,8,21,0,40,259,5.6,7,0.45,5,3.75,132,1011.4,999,30.2,999,99,334.3933824
2020,8,21,0,50,308,3.7,6.1,99,99,99,999,1011.6,999,30.2,999,99,465.2875
2020,8,21,1,0,334,4.6,6,99,99,99,999,1011.6,999,30.2,999,99,466.525
2020,8,21,1,10,340,5.8,7.1,99,99,99,999,1011.6,999,30.2,999,99,466.2448529
2020,8,21,1,20,336,4.8,6.8,99,99,99,999,1011.7,999,30.2,999,99,465.9691176
2020,8,21,1,30,344,2.9,4.2,99,99,99,999,1011.8,999,30.2,999,99,465.5073529
2020,8,21,1,40,349,2.8,3.9,0.46,5.26,3.79,133,1011.9,999,30.2,999,99,333.7492647
2020,8,21,1,50,339,2.2,3.2,99,99,99,999,1012.3,999,30.2,999,99,464.9823529
2020,8,21,2,0,347,2.1,3.1,99,99,99,999,1012.7,999,30.2,999,99,466.3963235
2020,8,21,2,10,21,3.4,4.8,99,99,99,999,1012.7,999,30.2,999,99,468.5808824
2020,8,21,2,20,28,4.9,6.3,99,99,99,999,1013,999,30.2,999,99,468.3566176
2020,8,21,2,30,26,4.6,6.6,99,99,99,999,1013,999,30.3,999,99,468.1029412
2020,8,21,2,40,25,4.6,6.3,0.5,5.26,3.78,128,1013,999,30.3,999,99,335.7520588
2020,8,21,2,50,29,3.7,5.4,99,99,99,999,1013,999,30.3,999,99,467.4352941
2020,8,21,3,0,21,4.1,5.9,99,99,99,999,1013,999,30.2,999,99,468.9183824
2020,8,21,3,10,14,3,3.8,99,99,99,999,1012.9,999,30.2,999,99,468.5676471
2020,8,21,3,20,35,3,4.1,99,99,99,999,1012.8,999,30.2,999,99,468.1154412
2020,8,21,3,30,53,3.1,4.3,99,99,99,999,1012.8,999,30.2,999,99,467.6977941
2020,8,21,3,40,67,2.8,4.3,0.54,5.56,3.93,133,1012.9,999,30.3,999,99,335.9441176
2020,8,21,3,50,108,2.2,3.7,99,99,99,999,1013,999,30.2,999,99,466.6992647
2020,8,21,4,0,102,2.3,3.4,99,99,99,999,1013,999,30.2,999,99,468.1529412
2020,8,21,4,10,103,2.5,4,99,99,99,999,1012.7,999,30.2,999,99,467.8323529
2020,8,21,4,20,98,2.3,3.4,99,99,99,999,1012.7,999,30.3,999,99,467.5691176
2020,8,21,4,30,90,2.2,3.4,99,99,99,999,1012.7,999,30.3,999,99,467.3323529
2020,8,21,4,40,86,1.7,2.7,0.68,5,4.13,310,1013,999,30.3,999,99,357.8011765
2020,8,21,4,50,110,2.4,3.5,99,99,99,999,1013.2,999,30.3,999,99,466.6772059
2020,8,21,5,0,127,2.7,4.1,99,99,99,999,1013,999,30.4,999,99,467.9875
2020,8,21,5,10,133,2.2,3.3,99,99,99,999,1012.9,999,30.3,999,99,467.5786765
2020,8,21,5,20,119,2.4,4.4,99,99,99,999,1012.7,999,30.3,999,99,467.4014706
2020,8,21,5,30,126,2.3,3.8,99,99,99,999,1012.7,999,30.3,999,99,467.0323529
2020,8,21,5,40,112,2.6,3.9,0.78,4.55,4.15,20,1012.7,999,30.3,999,99,321.2933088
2020,8,21,5,50,134,2.5,3.9,99,99,99,999,1012.6,999,30.3,999,99,466.3772059
2020,8,21,6,0,121,1.7,3.1,99,99,99,999,1012.9,999,30.3,999,99,467.8948529
2020,8,21,6,10,119,1.9,3,99,99,99,999,1012.7,999,30.2,999,99,467.5661765
2020,8,21,6,20,100,1.6,3.5,99,99,99,999,1012.5,999,30.2,999,99,467.3963235
2020,8,21,6,30,138,0.5,1.4,99,99,99,999,1012.5,999,30.2,999,99,466.7294118
2020,8,21,6,40,171,1.4,2.7,0.87,5.56,4.29,6,1012.6,999,30.3,999,99,319.0829412
2020,8,21,6,50,182,1.7,3.4,99,99,99,999,1012.5,999,30.2,999,99,465.9088235
2020,8,21,7,0,204,2.9,4.8,99,99,99,999,1012.5,999,30.2,999,99,467.2352941
2020,8,21,7,10,207,3.7,5.1,99,99,99,999,1012.4,999,30.1,999,99,466.9080882
2020,8,21,7,20,214,3.9,5.2,99,99,99,999,1012.3,999,30,999,99,466.5352941
2020,8,21,7,30,217,3.7,5,99,99,99,999,1012.3,999,30,999,99,466.2088235
2020,8,21,7,40,221,3.4,4.6,1.09,7.69,4.84,354,1012.1,999,30,999,99,362.3740441
2020,8,21,7,50,222,3.2,4.3,99,99,99,999,1012.1,999,30.1,999,99,465.5404412
2020,8,21,8,0,225,2.7,4.3,99,99,99,999,1011.9,999,30.1,999,99,466.9007353
2020,8,21,8,10,234,2.2,3.5,99,99,99,999,1011.9,999,30.1,999,99,466.5036765
2020,8,21,8,20,237,1.9,3.3,99,99,99,999,1012,999,30,999,99,466.1713235
2020,8,21,8,30,255,2.5,4,99,99,99,999,1012,999,30,999,99,465.7794118
2020,8,21,8,40,264,1.8,2.9,1.25,7.14,5.37,331,1011.9,999,30,999,99,359.0354412
2020,8,21,8,50,232,1.4,2.6,99,99,99,999,1011.8,999,30,999,99,465.2632353
2020,8,21,9,0,242,1.5,2.7,99,99,99,999,1011.9,999,30,999,99,466.6286765
2020,8,21,9,10,218,1.4,2.6,99,99,99,999,1011.9,999,30.1,999,99,466.525
2020,8,21,9,20,196,1.6,2.7,99,99,99,999,1011.9,999,30.1,999,99,466.3992647
2020,8,21,9,30,195,1.8,3,99,99,99,999,1012,999,30.1,999,99,466.1411765
2020,8,21,9,40,181,1.9,3.5,1.24,6.67,5.26,348,1012,999,30,999,99,361.7075735
2020,8,21,9,50,162,2.6,4.2,99,99,99,999,1012.1,999,30.1,999,99,465.8661765
2020,8,21,10,0,149,3,4.9,99,99,99,999,1012.1,999,30.1,999,99,467.4125
2020,8,21,10,10,153,3.4,5.4,99,99,99,999,1012.3,999,30,999,99,467.1235294
2020,8,21,10,20,148,3.9,5.4,99,99,99,999,1012.4,999,30,999,99,466.8882353
2020,8,21,10,30,163,2.8,4.4,99,99,99,999,1012.7,999,30,999,99,466.475
2020,8,21,10,40,152,2.9,4.3,1,6.67,5.13,359,1012.9,999,30.1,999,99,363.4124265
2020,8,21,10,50,155,2.9,4.3,99,99,99,999,1013.2,999,30.1,999,99,466.0360294
2020,8,21,11,0,158,3.2,4.5,99,99,99,999,1013,999,30.1,999,99,467.4154412
2020,8,21,11,10,175,2.3,3.4,99,99,99,999,1013,999,30.1,999,99,466.9426471
2020,8,21,11,20,149,2.9,4.2,99,99,99,999,1013,999,30.1,999,99,466.8779412
2020,8,21,11,30,136,3.7,5.1,99,99,99,999,1013,999,30.1,999,99,466.7242647
2020,8,21,11,40,131,3.7,5.1,0.87,6.25,4.96,359,1013,999,30.1,999,99,363.5121324
2020,8,21,11,50,124,3.7,4.9,99,99,99,999,1013,999,30.1,999,99,466.2169118
2020,8,21,12,0,124,3.7,5.3,99,99,99,999,1013.2,999,30.1,999,99,467.6801471
2020,8,21,12,10,123,3.6,5.3,99,99,99,999,1013.2,999,30.1,999,99,467.3919118
2020,8,21,12,20,130,4,5.4,99,99,99,999,1013.1,999,30.1,999,99,467.0411765
2020,8,21,12,30,127,4.1,5.3,99,99,99,999,1013.1,999,30.1,999,99,466.7669118
2020,8,21,12,40,113,4.9,6,0.81,5.88,4.89,8,1013.1,999,30.1,999,99,319.7427941
2020,8,21,12,50,115,5.1,6.4,99,99,99,999,1013,999,30.1,999,99,466.3073529
2020,8,21,13,0,111,5,6.3,99,99,99,999,1013.1,999,30.1,999,99,467.7654412
2020,8,21,13,10,114,5.2,7.1,99,99,99,999,1013.2,999,30.1,999,99,467.4963235
2020,8,21,13,20,114,5.8,8,99,99,99,999,1013.4,999,30.1,999,99,467.2735294
2020,8,21,13,30,112,6.9,8.9,99,99,99,999,1013.6,999,30.1,999,99,467.0727941
2020,8,21,13,40,119,6.5,8,0.69,6.25,4.66,7,1013.7,999,30.1,999,99,319.7066912
2020,8,21,13,50,125,7.1,8.9,99,99,99,999,1014,999,30.1,999,99,466.4507353
2020,8,21,14,0,122,6.7,8.1,99,99,99,999,1014.1,999,30.1,999,99,467.8713235
2020,8,21,14,10,126,6.2,7.6,99,99,99,999,1014.2,999,30.1,999,99,467.5367647
2020,8,21,14,20,125,6.5,7.6,99,99,99,999,1014.3,999,30.1,999,99,467.2691176
2020,8,21,14,30,126,5.7,6.8,99,99,99,999,1014.2,999,30.1,999,99,466.9117647
2020,8,21,14,40,128,5.5,7,0.64,5.88,3.98,2,1014.1,999,30.1,999,99,318.8685294
2020,8,21,14,50,129,5.6,7.3,99,99,99,999,1014.4,999,30.1,999,99,466.3477941
2020,8,21,15,0,134,6.5,8.9,99,99,99,999,1014.4,999,30.1,999,99,467.8022059
2020,8,21,15,10,132,6.8,9.3,99,99,99,999,1014.3,999,30.2,999,99,467.5463235
2020,8,21,15,20,131,6.4,7.6,99,99,99,999,1014,999,30.2,999,99,467.1470588
2020,8,21,15,30,131,6.8,8,99,99,99,999,1014,999,30.3,999,99,466.8926471
2020,8,21,15,40,138,5.8,7.1,0.63,6.25,3.94,355,1014.5,999,30.2,999,99,362.9797794
2020,8,21,15,50,147,5.3,6.7,99,99,99,999,1014.2,999,30.2,999,99,466.1272059
2020,8,21,16,0,153,6.2,8.4,99,99,99,999,1014.2,999,30.1,999,99,467.5588235
2020,8,21,16,10,157,6.5,7.7,99,99,99,999,1014.2,999,30.2,999,99,467.2330882
2020,8,21,16,20,162,6.2,7.4,99,99,99,999,1014.1,999,30.2,999,99,466.8720588
2020,8,21,16,30,171,5.8,7.1,99,99,99,999,1014.1,999,30.1,999,99,466.4757353
2020,8,21,16,40,173,6.2,7.3,0.62,4.35,3.88,82,1014,999,30.1,999,99,328.3061029
2020,8,21,16,50,165,5.8,7.1,99,99,99,999,1013.7,999,30.1,999,99,465.8727941
2020,8,21,17,0,167,5.3,6.1,99,99,99,999,1013.4,999,30.1,999,99,467.1889706
2020,8,21,17,10,171,4.8,5.7,99,99,99,999,1013.1,999,30.1,999,99,466.7992647
2020,8,21,17,20,174,5.4,6.5,99,99,99,999,1013,999,30.1,999,99,466.5066176
2020,8,21,17,30,172,5.1,5.9,99,99,99,999,1012.9,999,30.1,999,99,466.1860294
2020,8,21,17,40,168,5.8,7,0.56,4,3.75,99,1013.1,999,30.1,999,99,330.2219118
2020,8,21,17,50,188,6,7.3,99,99,99,999,1013.5,999,30.2,999,99,465.6522059
2020,8,21,18,0,189,6.2,7.5,99,99,99,999,1013.5,999,30.2,999,99,467.0742647
2020,8,21,18,10,172,5.4,6.8,99,99,99,999,1013.4,999,30.2,999,99,466.8529412
2020,8,21,18,20,175,5.9,7,99,99,99,999,1013.5,999,30.2,999,99,466.5661765
2020,8,21,18,30,166,5.4,6.7,99,99,99,999,1013.5,999,30.2,999,99,466.3198529
2020,8,21,18,40,170,5.1,6.7,0.54,4.35,3.57,116,1013.5,999,30.2,999,99,332.3459559
2020,8,21,18,50,149,6.2,7.6,99,99,99,999,1013.3,999,30.2,999,99,465.8720588
2020,8,21,19,0,151,6.8,8.3,99,99,99,999,1013,999,30.2,999,99,467.2669118
2020,8,21,19,10,155,7.8,9.5,99,99,99,999,1013,999,30.2,999,99,467.0022059
2020,8,21,19,20,158,8.1 1,0.8,99,99,99,999,1013.3,999,30.3,999,99,-553.2666667
2020,8,21,19,30,166,6.7,7.7,99,99,99,999,1013,999,30.2,999,99,466.2507353
2020,8,21,19,40,173,5.9,7.1,0.57,4.55,3.41,105,1012.9,999,30.2,999,99,330.8371324
2020,8,21,19,50,175,5.3,6.2,99,99,99,999,1013,999,30.2,999,99,465.5205882
2020,8,21,20,0,170,6.2,8,99,99,99,999,1013.2,999,30.2,999,99,467.0852941
2020,8,21,20,10,167,6.6,7.7,99,99,99,999,1013.1,999,30.2,999,99,466.7933824
2020,8,21,20,20,178,6.3,7.6,99,99,99,999,1013,999,30.2,999,99,466.3955882
2020,8,21,20,30,182,6.2,7.4,99,99,99,999,1013,999,30.2,999,99,466.0632353
2020,8,21,20,40,185,6.3,7.6,0.57,4,3.49,143,1013,999,30.2,999,99,335.4501471
2020,8,21,20,50,176,6.9,8,99,99,99,999,1012.7,999,30.2,999,99,465.5073529
2020,8,21,21,0,177,7.2,8.3,99,99,99,999,1012.7,999,30.2,999,99,466.9345588
2020,8,21,21,10,164,6.9,8.2,99,99,99,999,1012.4,999,30.1,999,99,466.6647059
2020,8,21,21,20,149,6.5,7.8,99,99,99,999,1012.7,999,30,999,99,466.4852941
2020,8,21,21,30,150,6.2,7.4,99,99,99,999,1012.5,999,30,999,99,466.1352941
2020,8,21,21,40,156,7.1,8.7,0.64,4.55,3.52,127,1012.4,999,30,999,99,333.5893382
2020,8,21,21,50,163,6.3,7.6,99,99,99,999,1012.5,999,30,999,99,465.4602941
2020,8,21,22,0,161,6,7.5,99,99,99,999,1012.5,999,30,999,99,466.8860294
2020,8,21,22,10,155,7,8.5,99,99,99,999,1012.7,999,30.1,999,99,466.7360294
2020,8,21,22,20,165,6.4,8,99,99,99,999,1012.8,999,30.1,999,99,466.3558824
2020,8,21,22,30,166,6,6.9,99,99,99,999,1012.8,999,30.1,999,99,466.0080882
2020,8,21,22,40,167,4.1,5.6,0.63,4.55,3.44,121,1012.8,999,30.1,999,99,332.6180147
2020,8,21,22,50,172,3.5,4.6,99,99,99,999,1012.7,999,30.2,999,99,465.2588235
2020,8,21,23,0,169,5.1,9.5,99,99,99,999,1012.6,999,30.1,999,99,466.8698529
2020,8,21,23,10,164,8.8 1,0.1,99,99,99,999,1012.6,999,30.1,999,99,-552.8666667
2020,8,21,23,20,168,7.5,9.4,99,99,99,999,1012.7,999,30,999,99,466.3161765
2020,8,21,23,30,169,6.1,7.5,99,99,99,999,1012.8,999,30,999,99,465.9389706
2020,8,21,23,40,170,6,8,0.66,3.33,3.34,182,1013,999,29.9,999,99,340.1696324
2020,8,21,23,50,166,6.3,8.3,99,99,99,999,1013.2,999,29.9,999,99,465.4448529
2020,8,22,0,0,169,5.8,7.1,99,99,99,999,1013.3,999,29.9,999,99,467.9669118
2020,8,22,0,10,168,6.6,8.3,99,99,99,999,1013.2,999,29.9,999,99,467.7213235
2020,8,22,0,20,167,7.9,9.6,99,99,99,999,1013,999,29.9,999,99,467.4720588
2020,8,22,0,30,166,8,9.2,99,99,99,999,1013,999,29.9,999,99,467.1720588
2020,8,22,0,40,170,8.1,9.5,0.55,5,3.23,113,1013,999,29.9,999,99,332.8582353
2020,8,22,0,50,169,7.5,9.7,99,99,99,999,1013.1,999,29.9,999,99,466.5875
2020,8,22,1,0,171,8.1,9.8,99,99,99,999,1013.2,999,29.9,999,99,468.0191176
2020,8,22,1,10,166,7.9,9.6,99,99,99,999,1013.3,999,30,999,99,467.7852941
2020,8,22,1,20,167,7.6,9,99,99,99,999,1013.4,999,30,999,99,467.4720588
2020,8,22,1,30,170,7.3,8.7,99,99,99,999,1013.5,999,30,999,99,467.1551471
2020,8,22,1,40,170,6.6,8.6,0.91,4.35,3.65,179,1013.5,999,30,999,99,341.1061029
2020,8,22,1,50,170,5.7,7.2,99,99,99,999,1013.5,999,30,999,99,466.4882353
2020,8,22,2,0,175,5.3,6.9,99,99,99,999,1013.8,999,29.9,999,99,467.8786765
2020,8,22,2,10,173,5.5,6.9,99,99,99,999,1014.1,999,29.9,999,99,467.6463235
2020,8,22,2,20,177,5.2,7.4,99,99,99,999,1014.4,999,29.9,999,99,467.3808824
2020,8,22,2,30,191,4.9,6.3,99,99,99,999,1014.5,999,29.9,999,99,466.9536765
2020,8,22,2,40,183,4.9,6,1.04,4.55,4,181,1014.4,999,29.9,999,99,341.2615441
2020,8,22,2,50,183,5.1,6.5,99,99,99,999,1014.5,999,29.9,999,99,466.4345588
2020,8,22,3,0,185,4.6,5.9,99,99,99,999,1014.5,999,29.9,999,99,467.8095588
2020,8,22,3,10,186,4.1,5.3,99,99,99,999,1014.5,999,29.9,999,99,467.4786765
2020,8,22,3,20,184,3.9,4.7,99,99,99,999,1014.5,999,29.9,999,99,467.1742647
2020,8,22,3,30,193,3.7,4.6,99,99,99,999,1014.4,999,29.9,999,99,466.7926471
2020,8,22,3,40,206,3.1,4.6,0.88,5.56,4.04,160,1014.4,999,29.9,999,99,338.4144118
2020,8,22,3,50,213,1.4,2.5,99,99,99,999,1014.4,999,29.9,999,99,465.9463235
2020,8,22,4,0,231,1.2,1.9,99,99,99,999,1014.3,999,29.9,999,99,467.1933824
2020,8,22,4,10,211,1.3,2.1,99,99,99,999,1014.2,999,29.9,999,99,467.0404412
2020,8,22,4,20,179,1,1.9,99,99,99,999,1014.1,999,29.9,999,99,466.9551471
2020,8,22,4,30,134,1,1.7,99,99,99,999,1014.1,999,30,999,99,467.0036765
2020,8,22,4,40,119,0.6,1.3,0.92,4.55,4.14,184,1014,999,30,999,99,341.7358088
2020,8,22,4,50,74,0.9,1.8,99,99,99,999,1013.7,999,30,999,99,466.8
2020,8,22,5,0,46,1.4,2.4,99,99,99,999,1013.5,999,30,999,99,468.425
2020,8,22,5,10,33,1.7,2.6,99,99,99,999,1013.5,999,30,999,99,468.2382353
2020,8,22,5,20,43,2.2,3.6,99,99,99,999,1013.4,999,30,999,99,467.9
2020,8,22,5,30,35,2.3,3.7,99,99,99,999,1013.2,999,30,999,99,467.6404412
2020,8,22,5,40,46,2.6,3.6,0.83,5.56,4.13,151,1013,999,30,999,99,338.1383824
2020,8,22,5,50,50,3.2,4.4,99,99,99,999,1013,999,30,999,99,466.9514706
2020,8,22,6,0,54,3.6,4.7,99,99,99,999,1012.8,999,30,999,99,468.3286765
2020,8,22,6,10,60,3.7,5,99,99,99,999,1012.7,999,30.1,999,99,468.0073529
2020,8,22,6,20,58,4.2,5.4,99,99,99,999,1012.5,999,30.1,999,99,467.7205882
2020,8,22,6,30,54,4.9,7,99,99,99,999,1012.4,999,30.1,999,99,467.5102941
2020,8,22,6,40,46,5.7,7.1,0.83,5.88,4.32,176,1012.3,999,30.1,999,99,341.3477941
2020,8,22,6,50,49,5.6,6.8,99,99,99,999,1012.3,999,30.1,999,99,466.9470588
2020,8,22,7,0,54,5.5,7.1,99,99,99,999,1012.6,999,30,999,99,468.3639706
2020,8,22,7,10,57,5.9,8.4,99,99,99,999,1012.6,999,29.9,999,99,468.0823529
2020,8,22,7,20,66,7.5,9.7,99,99,99,999,1012.9,999,29.9,999,99,467.8375
2020,8,22,7,30,76,8.1 1,0,99,99,99,999,1012.7,999,999,999,99,-606.4
2020,8,22,7,40,79,8.3 1,0,1.21,5.26,4.78,210,1012.6,999,29.9,999,99,-599.7333333
2020,8,22,7,50,82,8.4 1,0.3,99,99,99,999,1012.5,999,29.9,999,99,-593.0666667
2020,8,22,8,0,83,8,9.7,99,99,99,999,1012.5,999,29.9,999,99,468.1977941
2020,8,22,8,10,80,7.7,9.3,99,99,99,999,1012.4,999,29.9,999,99,467.8919118
2020,8,22,8,20,80,7.4,8.8,99,99,99,999,1012.5,999,29.9,999,99,467.5897059
2020,8,22,8,30,81,7.6,9.1,99,99,99,999,1012.4,999,29.9,999,99,467.2875
2020,8,22,8,40,82,7.4,9.1,1.1,5.26,4.53,25,1012.4,999,29.9,999,99,322.1675
2020,8,22,8,50,90,7.1,8.6,99,99,99,999,1012.3,999,29.9,999,99,466.5926471
2020,8,22,9,0,96,6.5,8.2,99,99,99,999,1012.4,999,29.9,999,99,467.9588235
2020,8,22,9,10,101,6.1,7.4,99,99,99,999,1012.3,999,30,999,99,467.5970588
2020,8,22,9,20,104,6.3,7.8,99,99,99,999,1012,999,30,999,99,467.2544118
2020,8,22,9,30,106,7.1,8.9,99,99,99,999,1011.8,999,30,999,99,466.9683824
2020,8,22,9,40,107,7.5,9.4,0.96,5.26,4.37,31,1011.8,999,29.9,999,99,322.5817647
2020,8,22,9,50,105,7.8,9.9,99,99,99,999,1011.9,999,29.9,999,99,466.4301471
2020,8,22,10,0,105,7.8,9.5,99,99,99,999,1011.8,999,29.9,999,99,467.8198529
2020,8,22,10,10,104,7.5,9.3,99,99,99,999,1011.6,999,29.8,999,99,467.4727941
2020,8,22,10,20,106,8.1,9.9,99,99,99,999,1011.7,999,29.8,999,99,467.2095588
2020,8,22,10,30,108,8.2,9.9,99,99,99,999,1011.6,999,29.8,999,99,466.8875
2020,8,22,10,40,104,7.3,9.2,1.03,5.26,4.49,74,1011.8,999,29.7,999,99,327.8952941
2020,8,22,10,50,108,6.9,8.5,99,99,99,999,1011.9,999,29.7,999,99,466.2536765
2020,8,22,11,0,104,6.6,8.4,99,99,99,999,1011.9,999,29.7,999,99,467.6941176
2020,8,22,11,10,100,6.2,7.9,99,99,99,999,1012,999,29.7,999,99,467.4198529
2020,8,22,11,20,103,5.9,7.5,99,99,99,999,1012,999,29.7,999,99,467.0845588
2020,8,22,11,30,101,6.4,7.8,99,99,99,999,1012.1,999,29.7,999,99,466.8382353
2020,8,22,11,40,106,6.4,8.2,1.09,5.26,4.65,101,1012.2,999,29.7,999,99,331.2329412
2020,8,22,11,50,102,6.1,7.8,99,99,99,999,1012.2,999,29.7,999,99,466.2529412
2020,8,22,12,0,101,5.6,7.2,99,99,99,999,1012.4,999,29.7,999,99,467.6794118
2020,8,22,12,10,100,5.4,6.9,99,99,99,999,1012.4,999,29.8,999,99,467.3977941
2020,8,22,12,20,103,6.1,7.5,99,99,99,999,1012.5,999,29.7,999,99,467.1095588
2020,8,22,12,30,106,6.4,8.2,99,99,99,999,1012.4,999,29.7,999,99,466.8088235
2020,8,22,12,40,107,6.9,8.9,1.09,5.26,4.52,98,1012.4,999,29.7,999,99,330.8482353
2020,8,22,12,50,106,7,8.6,99,99,99,999,1012.6,999,29.7,999,99,466.2735294
2020,8,22,13,0,106,7.3,9,99,99,99,999,1012.7,999,29.7,999,99,467.7264706
2020,8,22,13,10,108,6.6,8.3,99,99,99,999,1012.8,999,29.7,999,99,467.3963235
2020,8,22,13,20,112,7.1,8.8,99,99,99,999,1013,999,29.7,999,99,467.1279412
2020,8,22,13,30,110,7.3,9.1,99,99,99,999,1013.1,999,29.7,999,99,466.8772059
2020,8,22,13,40,113,6.5,8,1.26,5.26,4.61,115,1013.3,999,29.7,999,99,332.9902941
2020,8,22,13,50,109,6.5,7.7,99,99,99,999,1013.4,999,29.7,999,99,466.2772059
2020,8,22,14,0,108,6.1,7.6,99,99,99,999,1013.5,999,29.7,999,99,467.7088235
2020,8,22,14,10,104,5.5,7,99,99,99,999,1013.5,999,29.7,999,99,467.4132353
2020,8,22,14,20,98,4.9,6.5,99,99,99,999,1013.4,999,29.7,999,99,467.1213235
2020,8,22,14,30,101,5,6.3,99,99,99,999,1013.4,999,29.7,999,99,466.7992647
2020,8,22,14,40,97,5.5,7,1,5.26,4.5,123,1013.5,999,29.8,999,99,334.0269118
2020,8,22,14,50,85,5.8,7.5,99,99,99,999,1013.4,999,29.8,999,99,466.4036765
2020,8,22,15,0,80,5.9,7.6,99,99,99,999,1013.5,999,29.8,999,99,467.8794118
2020,8,22,15,10,93 1,0.2 1,6.3,99,99,99,999,1013.6,999,29.8,999,99,-788.9
2020,8,22,15,20,118 1,4.7 1,8.8,99,99,99,999,1014.4,999,29.8,999,99,-780.9
2020,8,22,15,30,126 1,0.3 1,3.3,99,99,99,999,1014.4,999,29.7,999,99,-772.9
2020,8,22,15,40,118,9.7 1,1.7,1.16,5.26,4.46,107,1014.4,999,29.7,999,99,-571.6
2020,8,22,15,50,120,9.9 1,2.2,99,99,99,999,1014.2,999,29.8,999,99,-565.6
2020,8,22,16,0,124 1,0.1 1,2.5,99,99,99,999,1014.1,999,29.8,999,99,-796.4
2020,8,22,16,10,119,9.8 1,1.8,99,99,99,999,1014.1,999,29.8,999,99,-584.6666667
2020,8,22,16,20,128,8.6 1,1,99,99,99,999,1014.1,999,29.8,999,99,-574
2020,8,22,16,30,134,7.2,9.8,99,99,99,999,1013.9,999,29.9,999,99,466.7264706
2020,8,22,16,40,125,7.8 1,0.3,1.45,5.56,4.97,108,1013.7,999,29.9,999,99,-566.6666667
2020,8,22,16,50,123,8.8 1,1,99,99,99,999,1013.7,999,29.9,999,99,-563.3333333
2020,8,22,17,0,129,8.4 1,0.1,99,99,99,999,1013.7,999,30,999,99,-582.4
2020,8,22,17,10,123,8,9.6,99,99,99,999,1013.7,999,29.9,999,99,467.3191176
2020,8,22,17,20,120,8,9.6,99,99,99,999,1013.7,999,30,999,99,467.0661765
2020,8,22,17,30,121,8.2 1,0.1,99,99,99,999,1013.5,999,30,999,99,-573.7333333
2020,8,22,17,40,122,8.2,9.8,1.47,6.25,5.04,83,1013.5,999,29.9,999,99,329.01375
2020,8,22,17,50,117,7.5,9.3,99,99,99,999,1013.4,999,29.9,999,99,466.1242647
2020,8,22,18,0,113,7.4,9,99,99,99,999,1013.4,999,30,999,99,467.5794118
2020,8,22,18,10,113,6.7,8.6,99,99,99,999,1013.5,999,29.9,999,99,467.2558824
2020,8,22,18,20,112,6.1,7.7,99,99,99,999,1013.4,999,29.9,999,99,466.9125
2020,8,22,18,30,114,6.4,9,99,99,99,999,1013.3,999,29.9,999,99,466.6411765
2020,8,22,18,40,118,5.6,7.1,1.19,6.67,5.17,91,1013.3,999,29.9,999,99,329.8556618
2020,8,22,18,50,108,5.8,7.1,99,99,99,999,1013,999,29.9,999,99,465.9742647
2020,8,22,19,0,105,5.6,7,99,99,99,999,1013,999,30,999,99,467.4279412
2020,8,22,19,10,102,6,7.6,99,99,99,999,1012.7,999,30,999,99,467.1397059
2020,8,22,19,20,103,6.6,8.5,99,99,99,999,1012.7,999,29.9,999,99,466.8610294
2020,8,22,19,30,110,6.4,7.9,99,99,99,999,1012.7,999,29.9,999,99,466.4904412
2020,8,22,19,40,110,6.3,7.8,1.4,6.67,5.39,101,1012.7,999,29.9,999,99,331.0958088
2020,8,22,19,50,117,6.9 1,0.1,99,99,99,999,1012.7,999,29.9,999,99,-566.5333333
2020,8,22,20,0,138,8.8 1,0.6,99,99,99,999,1012.8,999,29.9,999,99,-575.6
2020,8,22,20,10,151,9.6 1,3.9,99,99,99,999,1012.7,999,29.9,999,99,-562.2666667
2020,8,22,20,20,166,9.9 1,2.6,99,99,99,999,1012.5,999,29.9,999,99,-547.6
2020,8,22,20,30,167 1,0.3 1,2.7,99,99,99,999,1012.5,999,29.9,999,99,-770.4
2020,8,22,20,40,169 1,0.2 1,2.5,1.49,6.67,5.13,103,1012.5,999,29.9,999,99,-762.4
2020,8,22,20,50,172 1,0.4 1,2.9,99,99,99,999,1012.4,999,29.9,999,99,-754.4
2020,8,22,21,0,182 1,0.3 1,2.1,99,99,99,999,1012.3,999,29.9,999,99,-793.9
2020,8,22,21,10,184,9.4 1,1.7,99,99,99,999,1012.5,999,29.9,999,99,-540
2020,8,22,21,20,184,7.8,9.9,99,99,99,999,1012.6,999,29.9,999,99,466.2169118
2020,8,22,21,30,178,6.9,8.3,99,99,99,999,1012.6,999,29.9,999,99,465.8948529
2020,8,22,21,40,167,6.6,8.4,1.71,6.67,5.12,117,1012.6,999,29.9,999,99,332.5759559
2020,8,22,21,50,163,5.7,7.4,99,99,99,999,1012.7,999,29.9,999,99,465.3808824
2020,8,22,22,0,158,5.8,7.6,99,99,99,999,1012.7,999,29.8,999,99,466.8264706
2020,8,22,22,10,143,5.7,7.8,99,99,99,999,1012.7,999,29.8,999,99,466.6485294
2020,8,22,22,20,143,4.9,7.2,99,99,99,999,1012.7,999,29.8,999,99,466.3205882
2020,8,22,22,30,151,4.6,6.1,99,99,99,999,1012.8,999,29.8,999,99,465.9375
2020,8,22,22,40,143,3.9,6.1,1.71,6.25,5.09,131,1012.8,999,29.8,999,99,334.2999265
2020,8,22,22,50,127,3.6,5.2,99,99,99,999,1012.8,999,29.8,999,99,465.4779412
2020,8,22,23,0,125,4.5,6.1,99,99,99,999,1012.7,999,29.8,999,99,466.9433824
2020,8,22,23,10,115,4.9,6.6,99,99,99,999,1012.7,999,29.8,999,99,466.7470588
2020,8,22,23,20,115,5.1,6.5,99,99,99,999,1012.7,999,29.7,999,99,466.4330882
2020,8,22,23,30,107,4.3,5.7,99,99,99,999,1012.8,999,29.7,999,99,466.1713235
2020,8,22,23,40,106,4.5,5.8,1.64,7.14,5.19,118,1013,999,29.7,999,99,332.9817647
2020,8,22,23,50,101,4.3,6.3,99,99,99,999,1013,999,29.8,999,99,465.6977941
2020,8,23,0,0,94,3.2,4.9,99,99,99,999,1013,999,29.7,999,99,468.2433824
2020,8,23,0,10,97,3.5,5,99,99,99,999,1013,999,29.8,999,99,467.9544118
2020,8,23,0,20,100,3.6,5.2,99,99,99,999,1013,999,29.7,999,99,467.6279412
2020,8,23,0,30,103,4.4,5.8,99,99,99,999,1013.2,999,29.7,999,99,467.375
2020,8,23,0,40,100,4.8,6.4,1.63,6.67,5.45,112,1013.1,999,29.7,999,99,333.4155147
2020,8,23,0,50,98,4.4,5.9,99,99,99,999,1013.2,999,29.7,999,99,466.8272059
2020,8,23,1,0,97,4.4,5.8,99,99,99,999,1013.2,999,29.7,999,99,468.25
2020,8,23,1,10,84,4.7,6.3,99,99,99,999,1013.2,999,29.7,999,99,468.0742647
2020,8,23,1,20,78,5.1,6.5,99,99,99,999,1013.3,999,29.6,999,99,467.8330882
2020,8,23,1,30,79,4.9,6.3,99,99,99,999,1013.4,999,29.5,999,99,467.5169118
2020,8,23,1,40,77,5.4,6.9,1.35,6.67,5.23,117,1013.5,999,29.5,999,99,334.1668382
2020,8,23,1,50,86,6,7.7,99,99,99,999,1013.7,999,29.5,999,99,466.9889706
2020,8,23,2,0,95,6.7,8.6,99,99,99,999,1013.8,999,29.5,999,99,468.4
2020,8,23,2,10,86,6.7,8.4,99,99,99,999,1013.6,999,29.5,999,99,468.1352941
2020,8,23,2,20,77,6.7,9,99,99,99,999,1013.3,999,29.5,999,99,467.8852941
2020,8,23,2,30,69,6.9,9,99,99,99,999,1013.3,999,29.5,999,99,467.6529412
2020,8,23,2,40,66,7.1,8.5,1.32,6.67,5.19,113,1013.6,999,29.5,999,99,333.7888971
2020,8,23,2,50,73,6.9,8.6,99,99,99,999,1013.8,999,29.5,999,99,467.0941176
2020,8,23,3,0,76,6.7,8.4,99,99,99,999,1013.7,999,29.5,999,99,468.4661765
2020,8,23,3,10,72,6.8,8.3,99,99,99,999,1013.6,999,29.5,999,99,468.1845588
2020,8,23,3,20,73,6.8,8.4,99,99,99,999,1013.6,999,29.6,999,99,467.9058824
2020,8,23,3,30,75,6.9,8.8,99,99,99,999,1013.6,999,29.6,999,99,467.6132353
2020,8,23,3,40,77,6.9,8.9,1.24,6.25,5.23,130,1013.5,999,29.6,999,99,335.7631618
2020,8,23,3,50,74,7.6,9.7,99,99,99,999,1013.6,999,29.6,999,99,467.0757353
2020,8,23,4,0,77,8.1 1,0.5,99,99,99,999,1013.7,999,29.7,999,99,-620.4666667
2020,8,23,4,10,79,7.8 1,0,99,99,99,999,1013.6,999,29.7,999,99,-614.4666667
2020,8,23,4,20,79,8.0 1,0.6,99,99,99,999,1013.5,999,29.7,999,99,-609.8
2020,8,23,4,30,88,8.4 1,1.3,99,99,99,999,1013.5,999,29.7,999,99,-599.1333333
2020,8,23,4,40,88,8.3 1,1.3,1.21,5.56,5.07,119,1013.5,999,29.7,999,99,-594.4666667
2020,8,23,4,50,89,7.5,9.5,99,99,99,999,1013.5,999,29.7,999,99,466.9095588
2020,8,23,5,0,88,7.8,9.6,99,99,99,999,1013.5,999,29.8,999,99,468.3632353
2020,8,23,5,10,95,7.7,9.2,99,99,99,999,1013.5,999,29.7,999,99,467.9823529
2020,8,23,5,20,85,8.4 1,0.3,99,99,99,999,1013.6,999,29.8,999,99,-605.5333333
2020,8,23,5,30,69,7.5,9.4,99,99,99,999,1013.3,999,29.8,999,99,467.5794118
2020,8,23,5,40,78,7.1,9.1,1.1,5.88,4.84,118,1013,999,29.8,999,99,334.0495588
2020,8,23,5,50,88,7,8.8,99,99,99,999,1012.9,999,29.8,999,99,466.7632353
2020,8,23,6,0,83,7,8.7,99,99,99,999,1012.7,999,29.8,999,99,468.1860294
2020,8,23,6,10,82,7.2,9,99,99,99,999,1013,999,29.8,999,99,467.9573529
2020,8,23,6,20,81,7.7,9.8,99,99,99,999,1012.8,999,29.8,999,99,467.6779412
2020,8,23,6,30,81,8.6 1,1,99,99,99,999,1012.7,999,29.8,999,99,-603.2666667
2020,8,23,6,40,81,8.7 1,1,1.23,5.26,4.95,116,1012.5,999,29.8,999,99,-598.6
2020,8,23,6,50,86,8.7 1,1,99,99,99,999,1012.1,999,29.8,999,99,-590.6
2020,8,23,7,0,77,7.2 1,0.2,99,99,99,999,1011.8,999,29.8,999,99,-619.6666667
2020,8,23,7,10,75,8.7 1,0.9,99,99,99,999,1011.6,999,29.8,999,99,-616.3333333
2020,8,23,7,20,74,9.2 1,1.3,99,99,99,999,1011.7,999,29.8,999,99,-612.3333333
2020,8,23,7,30,71,9.5 1,2.2,99,99,99,999,1011.4,999,29.8,999,99,-609.6666667
2020,8,23,7,40,61,9.8 1,2.3,1.31,5.88,5.04,114,1011.3,999,29.8,999,99,-611.6666667
2020,8,23,7,50,64,9.5 1,1.8,99,99,99,999,1011.6,999,29.8,999,99,-605
2020,8,23,8,0,70,9.4 1,2,99,99,99,999,1011.5,999,29.9,999,99,-624.0666667
2020,8,23,8,10,83 1,0.3 1,2.5,99,99,99,999,1011.5,999,29.9,999,99,-792.2
2020,8,23,8,20,76,9.4 1,1.7,99,99,99,999,1011.5,999,29.9,999,99,-610.7333333
2020,8,23,8,30,71 1,0.9 1,7.4,99,99,99,999,1011.5,999,29.9,999,99,-776.2
2020,8,23,8,40,77,9.5 1,8,1.41,6.25,5.32,103,1011.9,999,29.9,999,99,-600.7333333
2020,8,23,8,50,64,6.9,8.7,99,99,99,999,1011.6,999,29.9,999,99,466.6080882
2020,8,23,9,0,64,7.9 1,0.5,99,99,99,999,1011.5,999,29.9,999,99,-627.8
2020,8,23,9,10,65,9.3 1,1.7,99,99,99,999,1011.5,999,29.9,999,99,-622.4666667
2020,8,23,9,20,67,9.8 1,3.1,99,99,99,999,1011.6,999,29.9,999,99,-616.4666667
2020,8,23,9,30,76 1,0.7 1,3.9,99,99,99,999,1011.4,999,29.9,999,99,-775.7
2020,8,23,9,40,73 1,1.0 1,4,1.65,5.88,5.58,95,1011.4,999,29.9,999,99,-767.7
2020,8,23,9,50,68,9.9 1,4.4,99,99,99,999,1011.5,999,29.8,999,99,-601.8
2020,8,23,10,0,61 1,0.1 1,5.1,99,99,99,999,1011.5,999,29.8,999,99,-799.2
2020,8,23,10,10,47,8.8 1,1.2,99,99,99,999,1011.5,999,29.8,999,99,-634.2
2020,8,23,10,20,55,8.3 1,1,99,99,99,999,1011.4,999,29.8,999,99,-624.2
2020,8,23,10,30,62,8.8 1,1.5,99,99,99,999,1011.4,999,29.8,999,99,-614.8666667
2020,8,23,10,40,56,8.9 1,2.9,1.64,10,5.76,201,1011.4,999,29.7,999,99,-614.2
2020,8,23,10,50,58,9.2 1,2.7,99,99,99,999,1011.5,999,29.6,999,99,-608.2
2020,8,23,11,0,67 1,1.0 1,6.4,99,99,99,999,1012.1,999,29.5,999,99,-798.7
2020,8,23,11,10,84,8.4 1,3.2,99,99,99,999,1012.2,999,29.5,999,99,-609.2666667
2020,8,23,11,20,86,8.0 1,1,99,99,99,999,1012.2,999,29.5,999,99,-603.2666667
2020,8,23,11,30,64,9.8 1,4.7,99,99,99,999,1012.7,999,29.5,999,99,-613.2666667
2020,8,23,11,40,71,7.9 1,1.6,1.84,5.56,5.73,116,1012.7,999,29.6,999,99,-603.9333333
2020,8,23,11,50,56,7.1,9.6,99,99,99,999,1012.7,999,29.6,999,99,466.6529412
2020,8,23,12,0,59,7.3,9.2,99,99,99,999,1012.5,999,29.7,999,99,468.0279412
2020,8,23,12,10,64,8.0 1,0.7,99,99,99,999,1012.4,999,29.7,999,99,-622.3333333
2020,8,23,12,20,67,8.5 1,0.7,99,99,99,999,1012.4,999,29.7,999,99,-615.6666667
2020,8,23,12,30,67,8.4 1,0.5,99,99,99,999,1012.4,999,29.7,999,99,-611
2020,8,23,12,40,60,9.1 1,1.4,2,6.25,5.8,108,1012.5,999,29.6,999,99,-611
2020,8,23,12,50,58 1,0.0 1,2.8,99,99,99,999,1012.4,999,29.6,999,99,-758.2
2020,8,23,13,0,63 1,1.8 1,6.5,99,99,99,999,1012.4,999,29.6,999,99,-797.7
2020,8,23,13,10,51 1,0.8 1,3.6,99,99,99,999,1012.9,999,29.5,999,99,-789.7
2020,8,23,13,20,52,8.7 1,1.3,99,99,99,999,1012.9,999,29.5,999,99,-625.4
2020,8,23,13,30,70,7.4 1,0.4,99,99,99,999,1012.8,999,29.5,999,99,-608.7333333
2020,8,23,13,40,76,8.9 1,1.4,2.05,6.25,5.95,107,1012.9,999,29.5,999,99,-600.0666667
2020,8,23,13,50,79,8.0 1,0.6,99,99,99,999,1013,999,29.5,999,99,-593.4
2020,8,23,14,0,89,7.7,9.7,99,99,99,999,1013.2,999,29.5,999,99,467.7933824
2020,8,23,14,10,89,7.2,9.2,99,99,99,999,1013.2,999,29.4,999,99,467.4544118
2020,8,23,14,20,91,7.5,9.6,99,99,99,999,1013.3,999,29.4,999,99,467.1794118
2020,8,23,14,30,89,7.5,9.7,99,99,99,999,1013.4,999,29.4,999,99,466.9183824
2020,8,23,14,40,84,7,9.1,2.2,6.67,5.86,130,1013.2,999,29.3,999,99,335.2081618
2020,8,23,14,50,81,7,9,99,99,99,999,1013.5,999,29.3,999,99,466.3514706
2020,8,23,15,0,85,7,9.4,99,99,99,999,1013.2,999,29.3,999,99,467.7117647
2020,8,23,15,10,74,6.9,9.4,99,99,99,999,1013.3,999,29.3,999,99,467.5117647
2020,8,23,15,20,65,6.8,8.6,99,99,99,999,1013.8,999,29.3,999,99,467.3264706
2020,8,23,15,30,62,6.9,9.5,99,99,99,999,1013.8,999,29.3,999,99,467.0889706
2020,8,23,15,40,83,7.8 1,4.3,1.99,6.67,5.79,140,1013.9,999,29.2,999,99,-594.8666667
2020,8,23,15,50,110,6.7 1,2.3,99,99,99,999,1014.3,999,29.2,999,99,-572.2
2020,8,23,16,0,105,5.3,7.7,99,99,99,999,1014.1,999,29.4,999,99,467.5772059
2020,8,23,16,10,159,3.2,5.4,99,99,99,999,1013.8,999,29.4,999,99,466.7264706
2020,8,23,16,20,208,1.3,5,99,99,99,999,1013.7,999,29.4,999,99,466.0147059
2020,8,23,16,30,241,2.3,4.1,99,99,99,999,1013.4,999,29.4,999,99,465.4154412
2020,8,23,16,40,999,2.2,5.6,1.97,6.67,5.84,104,1014.5,999,29.4,999,99,325.1227206
2020,8,23,16,50,226,6.1 1,0.2,99,99,99,999,1013.6,999,29.4,999,99,-494.6
2020,8,23,17,0,309,5.5,9.5,99,99,99,999,1012.7,999,29.4,999,99,465.8889706
2020,8,23,17,10,349,3.6,9.4,99,99,99,999,1012.9,999,29.5,999,99,465.3176471
2020,8,23,17,20,86,2.9,5,99,99,99,999,1012.9,999,29.4,999,99,466.7661765
2020,8,23,17,30,62,3.5,4.8,99,99,99,999,1013.2,999,29.3,999,99,466.675
2020,8,23,17,40,46,1.7,3.5,1.94,6.67,5.89,132,1013.5,999,29.3,999,99,335.33125
2020,8,23,17,50,214,4.7,9.8,99,99,99,999,1014.8,999,29.3,999,99,465.4058824
2020,8,23,18,0,999,4.2,8.9,99,99,99,999,1013.8,999,29.5,999,99,460.9036765
2020,8,23,18,10,999,8.1 1,1.7,99,99,99,999,1013.5,999,29.5,999,99,2.6
2020,8,23,18,20,999,6.9,9.3,99,99,99,999,1013.5,999,29.5,999,99,460.3257353
2020,8,23,18,30,999,8.5 1,2.2,99,99,99,999,1013.5,999,29.5,999,99,11.93333333
2020,8,23,18,40,999,9.0 1,1.8,1.96,7.14,5.77,120,1013,999,29.6,999,99,16.6
2020,8,23,18,50,999 1,0.7 1,3.1,99,99,99,999,1012.9,999,29.6,999,99,-755.2
2020,8,23,19,0,999 1,0.1 1,2,99,99,99,999,1012.8,999,29.6,999,99,-794.7
2020,8,23,19,10,999,9.5 1,1.8,99,99,99,999,1012.5,999,29.6,999,99,2.866666667
2020,8,23,19,20,999,8.9 1,1.3,99,99,99,999,1012.4,999,29.7,999,99,7.533333333
2020,8,23,19,30,999,7.9,9.6,99,99,99,999,1012.7,999,29.7,999,99,459.9264706
2020,8,23,19,40,999,7.6 1,0.4,2.17,6.67,5.65,138,1012.7,999,29.7,999,99,16.86666667
2020,8,23,19,50,999,7.4,8.7,99,99,99,999,1012.7,999,29.7,999,99,459.2977941
2020,8,23,20,0,999,7,8.7,99,99,99,999,1012.5,999,29.7,999,99,460.6816176
2020,8,23,20,10,999,5.7,7.6,99,99,99,999,1012.1,999,29.7,999,99,460.2691176
2020,8,23,20,20,999,5.7,8.1,99,99,99,999,1012,999,29.7,999,99,459.9786765
2020,8,23,20,30,999,7.9,9.9,99,99,99,999,1011.9,999,29.7,999,99,459.7683824
2020,8,23,20,40,999,9.2 1,1.8,2.32,7.14,5.69,163,1011.9,999,29.7,999,99,17.13333333
2020,8,23,20,50,999,8.2 1,0.1,99,99,99,999,1011.6,999,29.7,999,99,21.8
2020,8,23,21,0,999,8.3 1,1.1,99,99,99,999,1011.2,999,29.7,999,99,-1.266666667
2020,8,23,21,10,999,7.5 1,0,99,99,99,999,1010.8,999,29.7,999,99,3.4
2020,8,23,21,20,999,7.4,9.4,99,99,99,999,1010.8,999,29.7,999,99,459.8235294
2020,8,23,21,30,999,7,8.6,99,99,99,999,1010.7,999,29.7,999,99,459.4794118
2020,8,23,21,40,999,7.1,9,2.48,7.14,5.79,159,1010.9,999,29.6,999,99,331.5091176
2020,8,23,21,50,999,7.1,8.6,99,99,99,999,1011,999,29.7,999,99,458.9367647
2020,8,23,22,0,999,7.3,9.4,99,99,99,999,1011.2,999,29.7,999,99,460.4176471
2020,8,23,22,10,999,7.3,8.9,99,99,99,999,1011.2,999,29.7,999,99,460.1051471
2020,8,23,22,20,999,7.5,9.3,99,99,99,999,1011.3,999,29.7,999,99,459.8433824
2020,8,23,22,30,999,7.2,9,99,99,99,999,1011.1,999,29.6,999,99,459.4852941
2020,8,23,22,40,999,6.2,8.2,2.21,7.14,5.75,159,1011,999,29.7,999,99,331.4288235
2020,8,23,22,50,999,6.1,7.6,99,99,99,999,1011,999,29.6,999,99,458.8147059
2020,8,23,23,0,999,6.3,8,99,99,99,999,1011,999,29.6,999,99,460.2514706
2020,8,23,23,10,999,5.9,7.5,99,99,99,999,1011.1,999,29.5,999,99,459.9286765
2020,8,23,23,20,999,5.8,7.6,99,99,99,999,1011,999,29.4,999,99,459.6029412
2020,8,23,23,30,999,5.7,7.6,99,99,99,999,1011,999,29.4,999,99,459.3073529
2020,8,23,23,40,999,5.7,7.3,2.31,7.14,5.71,152,1011,999,29.4,999,99,330.4063235
2020,8,23,23,50,999,5.6,7.1,99,99,99,999,1010.9,999,29.4,999,99,458.6845588
2020,8,24,0,0,999,6,7.7,99,99,99,999,1010.9,999,29.4,999,99,461.2933824
2020,8,24,0,10,999,6.2,8,99,99,99,999,1011,999,29.4,999,99,461.0279412
2020,8,24,0,20,999,6.3,8.2,99,99,99,999,1011.3,999,29.4,999,99,460.7867647
2020,8,24,0,30,999,5.9,7.6,99,99,99,999,1011.4,999,29.5,999,99,460.4985294
2020,8,24,0,40,999,5.6,7,2.03,7.14,5.72,126,1011.5,999,29.5,999,99,328.3313235
2020,8,24,0,50,999,5.6,7.4,99,99,99,999,1011.5,999,29.6,999,99,459.9323529
2020,8,24,1,0,999,5.5,7.1,99,99,99,999,1011.7,999,29.6,999,99,461.3683824
2020,8,24,1,10,999,5,6.6,99,99,99,999,1011.8,999,29.6,999,99,461.0632353
2020,8,24,1,20,999,4.4,5.8,99,99,99,999,1011.9,999,29.6,999,99,460.7455882
2020,8,24,1,30,999,6.5 1,0.8,99,99,99,999,1012,999,29.6,999,99,7.466666667
2020,8,24,1,40,999,9.1 1,1,1.94,7.14,5.67,144,1011.9,999,29.6,999,99,12.13333333
2020,8,24,1,50,999,9.5 1,1.8,99,99,99,999,1011.9,999,29.6,999,99,16.8
2020,8,24,2,0,999,9.4 1,1.3,99,99,99,999,1012,999,29.6,999,99,-6.266666667
2020,8,24,2,10,999,9.3 1,1.5,99,99,99,999,1012.1,999,29.6,999,99,-1.6
2020,8,24,2,20,999,9.4 1,2.6,99,99,99,999,1012.2,999,29.6,999,99,3.066666667
2020,8,24,2,30,999,9.1 1,1,99,99,99,999,1012.4,999,29.6,999,99,7.733333333
2020,8,24,2,40,999,9.4 1,1.7,1.82,7.14,5.45,123,1012.4,999,29.6,999,99,12.4
2020,8,24,2,50,999,9.3 1,2.1,99,99,99,999,1012.3,999,29.6,999,99,17.06666667
2020,8,24,3,0,999,9.3 1,1.4,99,99,99,999,1012.4,999,29.6,999,99,-6
2020,8,24,3,10,999,8.7 1,1.3,99,99,99,999,1012.4,999,29.6,999,99,-1.333333333
2020,8,24,3,20,999,8.7 1,1,99,99,99,999,1012.5,999,29.6,999,99,3.333333333
2020,8,24,3,30,999,8.5 1,0.5,99,99,99,999,1012.5,999,29.6,999,99,8
2020,8,24,3,40,999,8.9 1,1,1.76,7.14,5.23,121,1012.5,999,29.6,999,99,12.66666667
2020,8,24,3,50,999,8.6 1,0.5,99,99,99,999,1012.5,999,29.6,999,99,17.33333333
2020,8,24,4,0,999,8.6 1,1.5,99,99,99,999,1012.7,999,29.5,999,99,-5.733333333
2020,8,24,4,10,999,8.8 1,1.1,99,99,99,999,1012.7,999,29.5,999,99,-1.066666667
2020,8,24,4,20,999,9.2 1,1.1,99,99,99,999,1012.7,999,29.4,999,99,3.6
2020,8,24,4,30,999,9.0 1,1.3,99,99,99,999,1012.7,999,29.4,999,99,8.266666667
2020,8,24,4,40,999,9.1 1,1,1.64,7.69,5.26,110,1012.7,999,29.5,999,99,12.93333333
2020,8,24,4,50,999,8.9 1,0.8,99,99,99,999,1012.7,999,29.5,999,99,17.6
2020,8,24,5,0,999,9.2 1,1.4,99,99,99,999,1012.5,999,29.5,999,99,-5.466666667
2020,8,24,5,10,999,8.7 1,0.8,99,99,99,999,1012.5,999,29.5,999,99,-0.8
2020,8,24,5,20,999,9.0 1,1.7,99,99,99,999,1012.4,999,29.5,999,99,3.866666667
2020,8,24,5,30,999,8.8 1,0.8,99,99,99,999,1012.2,999,29.5,999,99,8.533333333
2020,8,24,5,40,999,8.6 1,0.8,1.65,7.14,5.09,103,1012.3,999,29.5,999,99,13.2
2020,8,24,5,50,999,8.6 1,0.5,99,99,99,999,1012.1,999,29.5,999,99,17.86666667
2020,8,24,6,0,999,8.5 1,0.4,99,99,99,999,1012.2,999,29.5,999,99,-5.2
2020,8,24,6,10,999,8.2 1,0.5,99,99,99,999,1012.1,999,29.5,999,99,-0.533333333
2020,8,24,6,20,999,8.4 1,0.1,99,99,99,999,1012,999,29.5,999,99,4.133333333
2020,8,24,6,30,999,7.8,9.9,99,99,99,999,1011.9,999,29.5,999,99,460.3757353
2020,8,24,6,40,999,7.8,9.7,1.49,7.14,5.03,105,1011.7,999,29.5,999,99,325.4557353
2020,8,24,6,50,999,7.7,9.4,99,99,99,999,1011.7,999,29.5,999,99,459.7382353
2020,8,24,7,0,999,7.8,9.2,99,99,99,999,1011.6,999,29.5,999,99,461.1367647
2020,8,24,7,10,999,7.5,9,99,99,99,999,1011.5,999,29.5,999,99,460.8161765
2020,8,24,7,20,999,7,8.8,99,99,99,999,1011.4,999,29.5,999,99,460.4926471
2020,8,24,7,30,999,7.2,8.8,99,99,99,999,1011.3,999,29.6,999,99,460.2058824
2020,8,24,7,40,999,6.8,8.3,1.52,7.14,5.28,96,1011.3,999,29.6,999,99,324.2008824
2020,8,24,7,50,999,6.4,7.7,99,99,99,999,1011.4,999,29.6,999,99,459.5801471
2020,8,24,8,0,999,6.5,8,99,99,99,999,1011.3,999,29.6,999,99,460.9970588
2020,8,24,8,10,999,7.3,8.9,99,99,99,999,1011.3,999,29.6,999,99,460.7477941
2020,8,24,8,20,999,6.8,8.1,99,99,99,999,1011.2,999,29.6,999,99,460.4022059
2020,8,24,8,30,999,6.4,7.9,99,99,99,999,1011.1,999,29.6,999,99,460.0801471
2020,8,24,8,40,999,6.9,8.2,1.23,7.14,5.05,120,1011,999,29.6,999,99,327.0623529
2020,8,24,8,50,999,6.4,8.1,99,99,99,999,1011.1,999,29.6,999,99,459.4992647
2020,8,24,9,0,999,6.4,7.7,99,99,99,999,1010.9,999,29.5,999,99,460.8551471
2020,8,24,9,10,999,6.8,8.2,99,99,99,999,1010.8,999,29.5,999,99,460.5705882
2020,8,24,9,20,999,6.5,7.9,99,99,99,999,1010.9,999,29.5,999,99,460.2757353
2020,8,24,9,30,999,6.3,7.7,99,99,99,999,1010.8,999,29.4,999,99,459.9375
2020,8,24,9,40,999,6.3,7.4,1.25,7.14,4.97,95,1010.8,999,29.4,999,99,323.7729412
2020,8,24,9,50,999,5.8,7,99,99,99,999,1010.8,999,29.4,999,99,459.3161765
2020,8,24,10,0,999,5.7,7,99,99,99,999,1010.9,999,29.4,999,99,460.7485294
2020,8,24,10,10,999,5.4,6.4,99,99,99,999,1011,999,29.4,999,99,460.4426471
2020,8,24,10,20,999,5.6,6.8,99,99,99,999,1011.1,999,29.4,999,99,460.1808824
2020,8,24,10,30,999,5.3,6.4,99,99,99,999,1011.2,999,29.4,999,99,459.8823529
2020,8,24,10,40,999,5.3,6.3,1.09,6.67,4.98,120,1011.3,999,29.4,999,99,326.8184559
2020,8,24,10,50,999,5.1,6.4,99,99,99,999,1011.4,999,29.4,999,99,459.3205882
2020,8,24,11,0,999,5.2,6.1,99,99,99,999,1011.5,999,29.4,999,99,460.7448529
2020,8,24,11,10,999,5.1,5.9,99,99,99,999,1011.5,999,29.4,999,99,460.4419118
2020,8,24,11,20,999,4.9,6,99,99,99,999,1011.6,999,29.4,999,99,460.1632353
2020,8,24,11,30,999,5,6,99,99,99,999,1011.5,999,29.4,999,99,459.8558824
2020,8,24,11,40,999,4.9,6.9,1.02,6.67,4.94,119,1011.7,999,29.3,999,99,326.6896324
2020,8,24,11,50,999,4.7,6.4,99,99,99,999,1011.9,999,29.3,999,99,459.3176471
2020,8,24,12,0,999,4.8,5.8,99,99,99,999,1011.9,999,29.3,999,99,460.7161765
2020,8,24,12,10,999,4.8,5.9,99,99,99,999,1012.2,999,29.2,999,99,460.4507353
2020,8,24,12,20,999,4.6,5.6,99,99,99,999,1012.4,999,29.1,999,99,460.1529412
2020,8,24,12,30,999,4.6,5.7,99,99,99,999,1012.6,999,29.1,999,99,459.8919118
2020,8,24,12,40,999,4.2,5.5,0.93,6.67,4.93,128,1012.7,999,29.1,999,99,327.8038971
2020,8,24,12,50,999,4.6,5.9,99,99,99,999,1012.8,999,29.1,999,99,459.3404412
2020,8,24,13,0,999,4.7,6,99,99,99,999,1012.8,999,29.1,999,99,460.7647059
2020,8,24,13,10,999,4.6,5.6,99,99,99,999,1012.9,999,29.1,999,99,460.4691176
2020,8,24,13,20,999,4.2,5.4,99,99,99,999,1013,999,29.1,999,99,460.1764706
2020,8,24,13,30,999,5.1,7.2,99,99,99,999,1013.1,999,29.1,999,99,459.9764706
2020,8,24,13,40,999,5.3,7.4,0.82,6.67,4.7,115,1013.2,999,29.1,999,99,326.2568382
2020,8,24,13,50,999,3.9,4.9,99,99,99,999,1013.3,999,29.1,999,99,459.3154412
2020,8,24,14,0,999,3.3,4.3,99,99,99,999,1013.3,999,29.1,999,99,460.7036765
2020,8,24,14,10,999,2.9,4,99,99,99,999,1013.3,999,29.1,999,99,460.3926471
2020,8,24,14,20,999,2.9,3.9,99,99,99,999,1013.3,999,29.1,999,99,460.0948529
2020,8,24,14,30,999,2.8,4.4,99,99,99,999,1013.3,999,29.1,999,99,459.8176471
2020,8,24,14,40,999,3.7,4.8,0.87,6.25,4.81,120,1013.5,999,29.2,999,99,326.7547794
2020,8,24,14,50,999,3.5,4.4,99,99,99,999,1013.4,999,29.2,999,99,459.2735294
2020,8,24,15,0,999,3.3,4.1,99,99,99,999,1013.4,999,29.2,999,99,460.6786765
2020,8,24,15,10,999,3.3,4.2,99,99,99,999,1013.5,999,29.2,999,99,460.4029412
2020,8,24,15,20,999,3.6,4.5,99,99,99,999,1013.4,999,29.3,999,99,460.1286765
2020,8,24,15,30,999,3.5,4.3,99,99,99,999,1013.4,999,29.3,999,99,459.8257353
2020,8,24,15,40,999,3.2,4.1,0.84,5.88,4.73,137,1013.5,999,29.3,999,99,328.7744118
2020,8,24,15,50,999,3.4,4.2,99,99,99,999,1013.5,999,29.3,999,99,459.2470588
2020,8,24,16,0,999,3.6,4.4,99,99,99,999,1013.5,999,29.2,999,99,460.6573529
2020,8,24,16,10,999,3.2,4.1,99,99,99,999,1013.4,999,29.4,999,99,460.3698529
2020,8,24,16,20,999,3.5,4.6,99,99,99,999,1013.3,999,29.3,999,99,460.0647059
2020,8,24,16,30,999,3.4,4,99,99,99,999,1013.2,999,29.3,999,99,459.7323529
2020,8,24,16,40,999,4,7.2,0.78,5.56,4.7,109,1013.2,999,29.3,999,99,325.2720588
2020,8,24,16,50,999,4.4,6.9,99,99,99,999,1013.3,999,29.2,999,99,459.2610294
2020,8,24,17,0,999,4.2,5.5,99,99,99,999,1013.3,999,29.3,999,99,460.6448529
2020,8,24,17,10,999,3.8,4.7,99,99,99,999,1013.3,999,29.4,999,99,460.3345588
2020,8,24,17,20,999,3.6,4.6,99,99,99,999,1013.2,999,29.4,999,99,460.0191176
2020,8,24,17,30,999,5.3,7.8,99,99,99,999,1013.1,999,29.4,999,99,459.8529412
2020,8,24,17,40,999,6.3,8.1,0.94,6.25,4.95,120,1013,999,29.4,999,99,326.7431618
2020,8,24,17,50,999,5.5,7.6,99,99,99,999,1012.9,999,29.4,999,99,459.2308824
2020,8,24,18,0,999,3.3,4.1,99,99,99,999,1012.9,999,29.4,999,99,460.4889706
2020,8,24,18,10,999,3.2,4.2,99,99,99,999,1012.9,999,29.4,999,99,460.1970588
2020,8,24,18,20,999,2.9,3.8,99,99,99,999,1012.7,999,29.5,999,99,459.8735294